observationid,did you see nlc?,types of nlc,latitude,longitude,observedDate,locationName,comments_observation,"please upload an image of nlc (if available, optional)",remote_image_url
swg_231685,Yes,,,,Mar 21 9:07pm,"Albuquerque, NM, USA","Noctilucent Clouds, Crescent Moon And Ven by Richard K. Mitchell",/Users/namai/Documents/Project/CitSci/spaceweather_gallery_images/231685_Richard-K_-Mitchell-IMG_20260320_195321630_AE_1774126933.jpg,https://spaceweathergallery2.com/submissions/pics/r/Richard-K.-Mitchell-IMG_20260320_195321630_AE_1774126933_fpthumb.jpg
swg_229344,Yes,,,,Dec 6 4:54am,"Lévis, Québec, Canada.",Noctilucent Clouds by Romain Andre Raphael Antaya,/Users/namai/Documents/Project/CitSci/spaceweather_gallery_images/229344_Romain-Andre-Raphael-Antaya-20251205_234951_1764996868.jpg,https://spaceweathergallery2.com/submissions/pics/r/Romain-Andre-Raphael-Antaya-20251205_234951_1764996868_fpthumb.jpg
swg_227060,Yes,,,,Oct 20 10:29pm,"Emerald Isle, North Carolina","SpaceX, Noctilucent Clouds, Venus by David Williams",/Users/namai/Documents/Project/CitSci/spaceweather_gallery_images/227060_227060.jpg,https://spaceweathergallery2.com/submissions/pics/d/David-Williams-SpaceX_10-16-2025-OM1-MKII_1760999314_fpthumb.jpg
swg_226901,Yes,,,,Oct 16 10:29pm,"Raleigh, NC, USA",Noctilucent Clouds And Comet Lemmon by Jeremy Gilchrist,/Users/namai/Documents/Project/CitSci/spaceweather_gallery_images/226901_226901.jpg,https://spaceweathergallery2.com/submissions/pics/j/Jeremy-Gilchrist-Noctulecent1_1760653789_fpthumb.jpg
swg_226890,Yes,,,,Oct 16 2:27pm,"Chatham County, North Carolina,",Noctilucent Clouds by Phillip Cox,/Users/namai/Documents/Project/CitSci/spaceweather_gallery_images/226890_226890.jpg,https://spaceweathergallery2.com/submissions/pics/p/Phillip-Cox-1000007113_1760624800_fpthumb.jpg
swg_226889,Yes,,,,Oct 16 2:17pm,"Emerald Isle, NC",Noctilucent Clouds by Jim Blair,/Users/namai/Documents/Project/CitSci/spaceweather_gallery_images/226889_226889.jpg,https://spaceweathergallery2.com/submissions/pics/j/Jim-Blair--20251016_062604_1760624226_fpthumb.jpg
swg_226884,Yes,,,,Oct 16 12:06pm,"Oviedo, Florida USA",Noctilucent Clouds by Mark Femminineo,/Users/namai/Documents/Project/CitSci/spaceweather_gallery_images/226884_226884.jpg,https://spaceweathergallery2.com/submissions/pics/m/Mark-Femminineo-SX-noctilucent-clouds-10-16-25_1760616374_fpthumb.jpg
swg_226883,Yes,,,,Oct 16 11:53am,"Pineville, South Carolina",Noctilucent Clouds by Shakya Hamilton,/Users/namai/Documents/Project/CitSci/spaceweather_gallery_images/226883_226883.jpg,https://spaceweathergallery2.com/submissions/pics/s/Shakya-Hamilton-PXL_20251016_102640633.RAW-01.COVER_1760615482_fpthumb.jpg
swg_226882,Yes,,,,Oct 16 11:51am,Woodland Beach Delaware,Noctilucent Clouds by Gary Brown,/Users/namai/Documents/Project/CitSci/spaceweather_gallery_images/226882_226882.jpg,https://spaceweathergallery2.com/submissions/pics/g/Gary-Brown-IMG_6157_1760615443_fpthumb.jpg
swg_226872,Yes,,,,Oct 16 3:48am,"New River, Arizona",SDA TRANCHE 1 NOCTILUCENT CLOUD by PAUL D. MALEY,/Users/namai/Documents/Project/CitSci/spaceweather_gallery_images/226872_226872.jpg,https://spaceweathergallery2.com/submissions/pics/p/PAUL-D.-MALEY-SDA-TRANCHE-1NLCa_1760586485_fpthumb.jpg
swg_226652,Yes,,,,Oct 7 2:26pm,"Springfield, Virginia",NLC by Jay Michaels,/Users/namai/Documents/Project/CitSci/spaceweather_gallery_images/226652_226652.jpg,https://spaceweathergallery2.com/submissions/pics/j/Jay-Michaels-20251007_061751_1759847152_fpthumb.jpg
swg_226646,Yes,,,,Oct 7 10:55am,"Dayton, VA",Noctilucent Clouds? Or??? by Shaphan Shank,/Users/namai/Documents/Project/CitSci/spaceweather_gallery_images/226646_226646.jpg,https://spaceweathergallery2.com/submissions/pics/s/Shaphan-Shank--PXL_20251007_102501750_1759834537_fpthumb.jpg
swg_225440,Yes,,,,Aug 27 1:31pm,"Big Canoe, GA USA",Noctilucent Clouds by Steve Brueck,/Users/namai/Documents/Project/CitSci/spaceweather_gallery_images/225440_225440.jpg,https://spaceweathergallery2.com/submissions/pics/s/Steve-Brueck-20250824_061329_1756301445_fpthumb.jpg
swg_225353,Yes,,,,Aug 23 10:31pm,"Björköby, Finland",Noctilucent Clouds And Crescent Moon by Sebastian Sainio,/Users/namai/Documents/Project/CitSci/spaceweather_gallery_images/225353_225353.jpg,https://spaceweathergallery2.com/submissions/pics/s/Sebastian-Sainio-IMG_0357-Enhanced-NR-4_DxO1920px_1755988287_fpthumb.jpg
swg_225326,Yes,,,,Aug 21 10:07pm,"Lake Myvatn, Iceland",Aurora And NLC by Dr. Dieter M. Zube,/Users/namai/Documents/Project/CitSci/spaceweather_gallery_images/225326_225326.jpg,https://spaceweathergallery2.com/submissions/pics/d/Dr.-Dieter-M.-Zube-NLC-and-aurora-20250821-Lake-Myvatn-small_1755814004_fpthumb.jpg
swg_225321,Yes,,,,Aug 21 1:21pm,"Kiruna, Lapland Sweden",Noctilucent Clouds by Elmar Nestlen,/Users/namai/Documents/Project/CitSci/spaceweather_gallery_images/225321_225321.jpg,https://spaceweathergallery2.com/submissions/pics/e/Elmar-Nestlen-IMG_20250821_074215_1755782470_fpthumb.jpg
swg_225320,Yes,,,,Aug 21 12:31pm,North Atlantic Ocean,Noctilucent Clouds by Zach,/Users/namai/Documents/Project/CitSci/spaceweather_gallery_images/225320_225320.jpg,https://spaceweathergallery2.com/submissions/pics/z/Zach-20250820_213037_1755779471_fpthumb.jpg
swg_225312,Yes,,,,Aug 21 1:29am,"Finland, Helsinki",Noctilucent Clouds by Pentti Arpalahti,/Users/namai/Documents/Project/CitSci/spaceweather_gallery_images/225312_225312.jpg,https://spaceweathergallery2.com/submissions/pics/p/Pentti-Arpalahti-NLC_8_20_21_2025-7161_1755739727_fpthumb.jpg
swg_225310,Yes,,,,Aug 20 10:47pm,"Turku, Rusko, Finland",Noctilucent Clouds by Mikko Peussa,/Users/namai/Documents/Project/CitSci/spaceweather_gallery_images/225310_225310.jpg,https://spaceweathergallery2.com/submissions/pics/m/Mikko-Peussa-IMG_5674Aspaceweather_1755730062_fpthumb.jpg
swg_225294,Yes,,,,Aug 20 10:23am,Southwest Finland,"Noctilucent Clouds, Moon, Venus And Jupit by Matti Helin",/Users/namai/Documents/Project/CitSci/spaceweather_gallery_images/225294_225294.jpg,https://spaceweathergallery2.com/submissions/pics/m/Matti-Helin-136958_b5a1043b21eb0d5aea339c103bd5b936_1755685373_fpthumb.jpg
swg_225287,Yes,,,,Aug 20 3:18am,"Finland, Helsinki",Noctilucent Clouds by Pentti Arpalahti,/Users/namai/Documents/Project/CitSci/spaceweather_gallery_images/225287_225287.jpg,https://spaceweathergallery2.com/submissions/pics/p/Pentti-Arpalahti-NLC_8_19_20_2025-7143_1755659889_fpthumb.jpg
swg_225220,Yes,,,,Aug 17 7:19pm,"Malmö, Sweden",Noctilucent Clouds by Erika Jacobs Lord,/Users/namai/Documents/Project/CitSci/spaceweather_gallery_images/225220_225220.jpg,https://spaceweathergallery2.com/submissions/pics/e/Erika-Jacobs-Lord-IMG_4003_1755458351_fpthumb.jpg
swg_225209,Yes,,,,Aug 17 2:32am,"Finland, Helsinki",Noctilucent Clouds by Pentti Arpalahti,/Users/namai/Documents/Project/CitSci/spaceweather_gallery_images/225209_225209.jpg,https://spaceweathergallery2.com/submissions/pics/p/Pentti-Arpalahti-NLC_8_16_17_2025-7082_1755397948_fpthumb.jpg
swg_225149,Yes,,,,Aug 16 9:33pm,"Hofn, Iceland",Noctilucent Clouds And Auroras by David Egan,/Users/namai/Documents/Project/CitSci/spaceweather_gallery_images/225149_225149.jpg,https://spaceweathergallery2.com/submissions/pics/d/David-Egan-IMG_7807_1755212441_fpthumb.jpg
swg_225148,Yes,,,,Aug 16 9:33pm,"Höfn, Iceland",Auroras And Noctilucent Clouds by David Egan,/Users/namai/Documents/Project/CitSci/spaceweather_gallery_images/225148_225148.jpg,https://spaceweathergallery2.com/submissions/pics/d/David-Egan-IMG_7801_1755212160_fpthumb.jpg
swg_224933,Yes,,,,Aug 12 5:35am,Pangnirtung Nunavut,Noctilucent Clouds by Daniel Kuluguqtuq,/Users/namai/Documents/Project/CitSci/spaceweather_gallery_images/224933_224933.jpg,https://spaceweathergallery2.com/submissions/pics/d/Daniel-Kuluguqtuq-20250812_010406_1754976947_fpthumb.jpg
swg_224869,Yes,,,,Aug 11 12:51am,"Rusko, Finland",Noctilucent Clouds by Mikko Peussa,/Users/namai/Documents/Project/CitSci/spaceweather_gallery_images/224869_224869.jpg,https://spaceweathergallery2.com/submissions/pics/m/Mikko-Peussa-IMG_5178Aspaceweather_1754873467_fpthumb.jpg
swg_224861,Yes,,,,Aug 10 11:51pm,"Finland, Helsinki",Noctilucent Clouds by Pentti Arpalahti,/Users/namai/Documents/Project/CitSci/spaceweather_gallery_images/224861_224861.jpg,https://spaceweathergallery2.com/submissions/pics/p/Pentti-Arpalahti-NLC_8_10_11_2025-6970_1754869866_fpthumb.jpg
swg_224827,Yes,,,,Aug 10 12:12am,"Exeter, Devon, UK",Noctilucent Clouds by Mark Seltzer,/Users/namai/Documents/Project/CitSci/spaceweather_gallery_images/224827_224827.jpg,https://spaceweathergallery2.com/submissions/pics/m/Mark-Seltzer-DSC_4419_1754784693_fpthumb.jpg
swg_224802,Yes,,,,Aug 9 2:16am,"Finland, Helsinki",Noctilucent Clouds by Pentti Arpalahti,/Users/namai/Documents/Project/CitSci/spaceweather_gallery_images/224802_224802.jpg,https://spaceweathergallery2.com/submissions/pics/p/Pentti-Arpalahti-NLC_8_8_9_2025-6912_1754705797_fpthumb.jpg
swg_224744,Yes,,,,Aug 6 9:56pm,"North of the Hudson Bay, Canada",Noctilucent Clouds by Matt Melnyk,/Users/namai/Documents/Project/CitSci/spaceweather_gallery_images/224744_224744.jpg,https://spaceweathergallery2.com/submissions/pics/m/Matt-Melnyk-_G4A4169-Pano_1754517358_fpthumb.jpg
swg_224724,Yes,,,,Aug 6 1:34am,"Finland, Helsinki",Noctilucent Clouds by Pentti Arpalahti,/Users/namai/Documents/Project/CitSci/spaceweather_gallery_images/224724_224724.jpg,https://spaceweathergallery2.com/submissions/pics/p/Pentti-Arpalahti-NLC_8_5_6_2025-6830_1754444057_fpthumb.jpg
swg_224705,Yes,,,,Aug 4 11:57pm,"Finland, Helsinki",Noctilucent Clouds by Pentti Arpalahti,/Users/namai/Documents/Project/CitSci/spaceweather_gallery_images/224705_224705.jpg,https://spaceweathergallery2.com/submissions/pics/p/Pentti-Arpalahti-Yopilvet_8_4_5_2025-6771_1754351852_fpthumb.jpg
swg_224691,Yes,,,,Aug 4 3:10am,"Deventer, The Netherlands",August Noctilucent Clouds by Peter Paul Hattinga Verschure,/Users/namai/Documents/Project/CitSci/spaceweather_gallery_images/224691_224691.jpg,https://spaceweathergallery2.com/submissions/pics/p/Peter-Paul-Hattinga-Verschure-20250804-0324lt-6-3002048_1754277015_fpthumb.jpg
swg_224652,Yes,,,,Aug 2 11:30pm,"Finland, Helsinki",Noctilucent Clouds by Pentti Arpalahti,/Users/namai/Documents/Project/CitSci/spaceweather_gallery_images/224652_224652.jpg,https://spaceweathergallery2.com/submissions/pics/p/Pentti-Arpalahti-NLC_8_2_3_2025-8b-6720_1754177376_fpthumb.jpg
swg_224633,Yes,,,,Aug 2 4:11am,Hudson Bay,Aurora And Noctilucent Clouds Combo by Matt Melnyk,/Users/namai/Documents/Project/CitSci/spaceweather_gallery_images/224633_224633.jpg,https://spaceweathergallery2.com/submissions/pics/m/Matt-Melnyk-_G4A4068_1754107872_fpthumb.jpg
swg_224584,Yes,,,,Jul 29 10:38pm,Vallentuna Sweden,NLC by P-M Hedén,/Users/namai/Documents/Project/CitSci/spaceweather_gallery_images/224584_224584.jpg,https://spaceweathergallery2.com/submissions/pics/p/P-M-Heden-Panorama-NLC-small_1753828713_fpthumb.jpg
swg_224572,Yes,,,,Jul 29 9:54am,"Deventer, The Netherlands",Late-summer Noctilucent Clouds by Peter Paul Hattinga Verschure,/Users/namai/Documents/Project/CitSci/spaceweather_gallery_images/224572_224572.jpg,https://spaceweathergallery2.com/submissions/pics/p/Peter-Paul-Hattinga-Verschure-20250729-0427lt-4-3002048_1753782852_fpthumb.jpg
swg_224561,Yes,,,,Jul 28 9:27pm,"Nizhny Novgorod Oblast, Russia",Noctilucent Clouds by Vladimir Nerush,/Users/namai/Documents/Project/CitSci/spaceweather_gallery_images/224561_224561.jpg,https://spaceweathergallery2.com/submissions/pics/v/Vladimir-Nerush-IMG_3760_1_1753738068_fpthumb.jpg
swg_224503,Yes,,,,Jul 25 10:23am,Utah Beach - Normandy - France,NLC by Giacomo Venturin,/Users/namai/Documents/Project/CitSci/spaceweather_gallery_images/224503_224503.jpg,https://spaceweathergallery2.com/submissions/pics/g/Giacomo-Venturin-20250713---NLC_1753438822_fpthumb.jpg
swg_224495,Yes,,,,Jul 24 5:21pm,"North Yorkshire, UK",Noctilucent Clouds by Steve Brown,/Users/namai/Documents/Project/CitSci/spaceweather_gallery_images/224495_224495.jpg,https://spaceweathergallery2.com/submissions/pics/s/Steve-Brown-Noctilucent-clouds---10-07-2025-02.12-UT_1753377678_fpthumb.jpg
swg_224494,Yes,,,,Jul 24 5:20pm,"North Yorkshire, UK",Noctilucent Clouds by Steve Brown,/Users/namai/Documents/Project/CitSci/spaceweather_gallery_images/224494_224494.jpg,https://spaceweathergallery2.com/submissions/pics/s/Steve-Brown-Noctilucent-clouds---10-07-2025-02.04-UT-panorama_1753377624_fpthumb.jpg
swg_224493,Yes,,,,Jul 24 5:19pm,"North Yorkshire, UK",Noctilucent Clouds by Steve Brown,/Users/namai/Documents/Project/CitSci/spaceweather_gallery_images/224493_224493.jpg,https://spaceweathergallery2.com/submissions/pics/s/Steve-Brown-Noctilucent-clouds---10-07-2025-01.37-UT_1753377569_fpthumb.jpg
swg_224492,Yes,,,,Jul 24 5:18pm,"North Yorkshire, UK",Noctilucent Clouds by Steve Brown,/Users/namai/Documents/Project/CitSci/spaceweather_gallery_images/224492_224492.jpg,https://spaceweathergallery2.com/submissions/pics/s/Steve-Brown-Noctilucent-clouds---10-07-2025-01.32-UT_1753377486_fpthumb.jpg
swg_224487,Yes,,,,Jul 24 8:13am,"Deventer, The Netherlands",Noctilucent Clouds With Diverse Structure by Peter Paul Hattinga Verschure,/Users/namai/Documents/Project/CitSci/spaceweather_gallery_images/224487_224487.jpg,https://spaceweathergallery2.com/submissions/pics/p/Peter-Paul-Hattinga-Verschure-20250724-0340lt-5-3002048_1753344769_fpthumb.jpg
swg_224476,Yes,,,,Jul 23 10:18am,"Östersund, Sweden",Noctilucent Clouds At Lat 63 by Göran Strand,/Users/namai/Documents/Project/CitSci/spaceweather_gallery_images/224476_224476.jpg,https://spaceweathergallery2.com/submissions/pics/g/Goran-Strand-GS_20250723_NLC_0032_1753265898_fpthumb.jpg
swg_224473,Yes,,,,Jul 23 10:55am,"Anchorage, AK",NLC by Eric Schecter,/Users/namai/Documents/Project/CitSci/spaceweather_gallery_images/224473_224473.jpg,https://spaceweathergallery2.com/submissions/pics/e/Eric-Schecter-IMG_0769_1753239812_fpthumb.jpg
swg_224421,Yes,,,,Jul 20 3:53am,"near Szubin, Poland","Noctilucent Clouds, Moon, Venus And Pleia by Marek Nikodem",/Users/namai/Documents/Project/CitSci/spaceweather_gallery_images/224421_224421.jpg,https://spaceweathergallery2.com/submissions/pics/m/Marek-Nikodem-CDS_7177_1752983590_fpthumb.jpg
swg_224420,Yes,,,,Jul 20 3:19am,Landberg hill near Spechtshause,Big Outbreak Of Noctilucent Clouds by Heiko Ulbricht,/Users/namai/Documents/Project/CitSci/spaceweather_gallery_images/224420_224420.jpg,https://spaceweathergallery2.com/submissions/pics/h/Heiko-Ulbricht-NLCs-Sw-02_1752981539_fpthumb.png
swg_224417,Yes,,,,Jul 19 7:59pm,"Elgin, Moray, Scotland, UK",Noctilucent Clouds by Alan C Tough,/Users/namai/Documents/Project/CitSci/spaceweather_gallery_images/224417_224417.jpg,https://spaceweathergallery2.com/submissions/pics/a/Alan-C-Tough-NLC_20250719_0040_actough_1752955176_fpthumb.jpg
swg_224399,Yes,,,,Jul 18 11:57pm,"Rusko, Finland",Noctilucent Clouds by Mikko Peussa,/Users/namai/Documents/Project/CitSci/spaceweather_gallery_images/224399_224399.jpg,https://spaceweathergallery2.com/submissions/pics/m/Mikko-Peussa-IMG_4528Aspaceweather_1752883011_fpthumb.jpg
swg_224398,Yes,,,,Jul 18 11:17pm,Nyköping Sweden,NLC by Gunnar Lysell,/Users/namai/Documents/Project/CitSci/spaceweather_gallery_images/224398_224398.jpg,https://spaceweathergallery2.com/submissions/pics/g/Gunnar-Lysell-IMGP9329sp12u8_1752880626_fpthumb.jpg
swg_224382,Yes,,,,Jul 18 10:30am,"Finland, Helsinki",Noctilucent Clouds by Pentti Arpalahti,/Users/namai/Documents/Project/CitSci/spaceweather_gallery_images/224382_224382.jpg,https://spaceweathergallery2.com/submissions/pics/p/Pentti-Arpalahti-Face_Yopilvet_7_17_18_2025-6352_1752834618_fpthumb.jpg
swg_224376,Yes,,,,Jul 17 10:36pm,"Seaton Carew, Co Durham, Englan",Noctilucent Clouds by Kevan Hubbard,/Users/namai/Documents/Project/CitSci/spaceweather_gallery_images/224376_224376.jpg,https://spaceweathergallery2.com/submissions/pics/k/Kevan-Hubbard-PXL_20250717_220508267.NIGHT2_1752791782_fpthumb.jpg
swg_224375,Yes,,,,Jul 17 7:56pm,"Elgin, Moray, Scotland, UK",Noctilucent Clouds by Alan C Tough,/Users/namai/Documents/Project/CitSci/spaceweather_gallery_images/224375_224375.jpg,https://spaceweathergallery2.com/submissions/pics/a/Alan-C-Tough-NLC_20250716_2251_actough_1752782197_fpthumb.jpg
swg_224347,Yes,,,,Jul 16 11:16am,"North Yorkshire, UK",Noctilucent Clouds by Steve Brown,/Users/namai/Documents/Project/CitSci/spaceweather_gallery_images/224347_224347.jpg,https://spaceweathergallery2.com/submissions/pics/s/Steve-Brown-Noctilucent-clouds---03-07-2025-01.57-UT-3-panel-panorama_1752664578_fpthumb.jpg
swg_224346,Yes,,,,Jul 16 11:15am,"North Yorkshire, UK",Noctilucent Clouds by Steve Brown,/Users/namai/Documents/Project/CitSci/spaceweather_gallery_images/224346_224346.jpg,https://spaceweathergallery2.com/submissions/pics/s/Steve-Brown-Noctilucent-clouds---03-07-2025-01.46-to-02.14-UT-Venus-rising_1752664531_fpthumb.jpg
swg_224345,Yes,,,,Jul 16 11:13am,"North Yorkshire, UK",Noctilucent Clouds by Steve Brown,/Users/namai/Documents/Project/CitSci/spaceweather_gallery_images/224345_224345.jpg,https://spaceweathergallery2.com/submissions/pics/s/Steve-Brown-Noctilucent-clouds---03-07-2025-00.50-UT_1752664414_fpthumb.jpg
swg_224333,Yes,,,,Jul 15 5:42pm,"NW Spokane County, WA",Noctilucent Clouds by Cynthia Wuts,/Users/namai/Documents/Project/CitSci/spaceweather_gallery_images/224333_224333.jpg,https://spaceweathergallery2.com/submissions/pics/c/Cynthia-Wuts-IMG_6869_1752601363_fpthumb.jpg
swg_224327,Yes,,,,Jul 15 11:19am,"Wokingham, England, UK.",Noctilucent Cloud by George Anderson,/Users/namai/Documents/Project/CitSci/spaceweather_gallery_images/224327_224327.jpg,https://spaceweathergallery2.com/submissions/pics/g/George-Anderson-IMG_6523a_1752578281_fpthumb.jpg
swg_224320,Yes,,,,Jul 15 6:15am,39000 feet SE of Iceland and we,Noctilucent Clouds Before Sunrise by Mike Cresap,/Users/namai/Documents/Project/CitSci/spaceweather_gallery_images/224320_224320.jpg,https://spaceweathergallery2.com/submissions/pics/m/Mike-Cresap-IMG_1261_1752560094_fpthumb.jpg
swg_224318,Yes,,,,Jul 14 9:04pm,"Elgin, Moray, Scotland, UK",Noctilucent Clouds by Alan C Tough,/Users/namai/Documents/Project/CitSci/spaceweather_gallery_images/224318_224318.jpg,https://spaceweathergallery2.com/submissions/pics/a/Alan-C-Tough-NLC_20250714_0057_actough_1752527069_fpthumb.jpg
swg_224315,Yes,,,,Jul 14 6:19pm,"Medvode, Slovenia",Noctilucent Clouds by Gorazd Bizjan,/Users/namai/Documents/Project/CitSci/spaceweather_gallery_images/224315_224315.jpg,https://spaceweathergallery2.com/submissions/pics/g/Gorazd-Bizjan-NLC-1_1752517132_fpthumb.jpg
swg_224308,Yes,,,,Jul 14 12:37pm,Oldham UK,Noctilucent Clouds by Simon McRoyall,/Users/namai/Documents/Project/CitSci/spaceweather_gallery_images/224308_224308.jpg,https://spaceweathergallery2.com/submissions/pics/s/Simon-McRoyall--13-7-2025-AM-K5-28-80_1752496636_fpthumb.jpg
swg_224299,Yes,,,,Jul 13 11:15pm,"Finland, Helsinki",Noctilucent Clouds by Pentti Arpalahti,/Users/namai/Documents/Project/CitSci/spaceweather_gallery_images/224299_224299.jpg,https://spaceweathergallery2.com/submissions/pics/p/Pentti-Arpalahti-NLC_7_13_14_2025-6286_1752448503_fpthumb.jpg
swg_224287,Yes,,,,Jul 13 1:14pm,"Wokingham, England, UK.",Noctilucent Cloud by George Anderson,/Users/namai/Documents/Project/CitSci/spaceweather_gallery_images/224287_224287.jpg,https://spaceweathergallery2.com/submissions/pics/g/George-Anderson-IMG_6464a_1752412397_fpthumb.jpg
swg_224280,Yes,,,,Jul 13 7:22am,"Somerset, UK",Noctilucent Cloud by Pete,/Users/namai/Documents/Project/CitSci/spaceweather_gallery_images/224280_224280.jpg,https://spaceweathergallery2.com/submissions/pics/p/Pete-nlc13july2025_1752391339_fpthumb.jpg
swg_224251,Yes,,,,Jul 11 9:39pm,"Makoop lake, Ontario, Canada",Noctilucent Clouds And Northern Lights. by Mike Lasher,/Users/namai/Documents/Project/CitSci/spaceweather_gallery_images/224251_224251.jpg,https://spaceweathergallery2.com/submissions/pics/m/Mike-Lasher-IMG_1418_1752269921_fpthumb.jpg
swg_224244,Yes,,,,Jul 11 12:50pm,"North Yorkshire, UK",Noctilucent Clouds by Steve Brown,/Users/namai/Documents/Project/CitSci/spaceweather_gallery_images/224244_224244.jpg,https://spaceweathergallery2.com/submissions/pics/s/Steve-Brown-Noctilucent-clouds---29-06-2025-23.06-UT_1752238221_fpthumb.jpg
swg_224243,Yes,,,,Jul 11 12:48pm,"North Yorkshire, UK",Noctilucent Clouds by Steve Brown,/Users/namai/Documents/Project/CitSci/spaceweather_gallery_images/224243_224243.jpg,https://spaceweathergallery2.com/submissions/pics/s/Steve-Brown-Noctilucent-clouds---29-06-2025-23.23-UT_1752238096_fpthumb.jpg
swg_224242,Yes,,,,Jul 11 12:45pm,"North Yorkshire, UK",Noctilucent Clouds by Steve Brown,/Users/namai/Documents/Project/CitSci/spaceweather_gallery_images/224242_224242.jpg,https://spaceweathergallery2.com/submissions/pics/s/Steve-Brown-Noctilucent-clouds---29-06-2025-22.40-UT-panorama_1752237934_fpthumb.jpg
swg_224239,Yes,,,,Jul 11 11:22am,Boise Idaho,Noctilucent Clouds by Dalton Severns,/Users/namai/Documents/Project/CitSci/spaceweather_gallery_images/224239_224239.jpg,https://spaceweathergallery2.com/submissions/pics/d/Dalton-Severns-IMG_1481_1752232962_fpthumb.jpg
swg_224238,Yes,,,,Jul 11 11:14am,"Longmont, CO USA",Noctilucent Clouds by Paul Robinson,/Users/namai/Documents/Project/CitSci/spaceweather_gallery_images/224238_224238.jpg,https://spaceweathergallery2.com/submissions/pics/p/Paul-Robinson--20250711_045535_1752232446_fpthumb.jpg
swg_224236,Yes,,,,Jul 11 9:52am,Leicester Alberta Canada,Noctilucent Clouds by Lukas Gornisiewicz,/Users/namai/Documents/Project/CitSci/spaceweather_gallery_images/224236_224236.jpg,https://spaceweathergallery2.com/submissions/pics/l/Lukas-Gornisiewicz-IMG_9570_1752227561_fpthumb.jpg
swg_224234,Yes,,,,Jul 11 8:44am,Leicester Alberta Canada,Bright Noctilucent Clouds by Lukas Gornisiewicz,/Users/namai/Documents/Project/CitSci/spaceweather_gallery_images/224234_224234.jpg,https://spaceweathergallery2.com/submissions/pics/l/Lukas-Gornisiewicz-IMG_9553_1752223486_fpthumb.jpg
swg_224229,Yes,,,,Jul 10 9:18pm,"Warsaw, Poland",NLC by Radosław Rek,/Users/namai/Documents/Project/CitSci/spaceweather_gallery_images/224229_Radosaw-Rek-IMG_20250703_165134_1752182309.jpg,https://spaceweathergallery2.com/submissions/pics/r/Radosaw-Rek-IMG_20250703_165134_1752182309_fpthumb.jpg
swg_224223,Yes,,,,Jul 10 6:08pm,"Wokingham, England, UK.",Noctilucent Cloud by George Anderson,/Users/namai/Documents/Project/CitSci/spaceweather_gallery_images/224223_224223.jpg,https://spaceweathergallery2.com/submissions/pics/g/George-Anderson-IMG_6385a_1752170861_fpthumb.jpg
swg_224221,Yes,,,,Jul 10 4:52pm,"Central Stockholm, Sweden",Some Nice NLCs Last Night by Peter Rosén,/Users/namai/Documents/Project/CitSci/spaceweather_gallery_images/224221_224221.jpg,https://spaceweathergallery2.com/submissions/pics/p/Peter-Rosen-NLC-Stack-01Meng_1752166302_fpthumb.gif
swg_224217,Yes,,,,Jul 10 2:21pm,"Grimsås, south Sweden",Noctilucent Clouds by Mats Olsson,/Users/namai/Documents/Project/CitSci/spaceweather_gallery_images/224217_224217.jpg,https://spaceweathergallery2.com/submissions/pics/m/Mats-Olsson-NLC2_1752156916_fpthumb.jpg
swg_224211,Yes,,,,Jul 10 8:18am,Vallentuna Sweden,Noctilucent Clouds by P-M Hedén,/Users/namai/Documents/Project/CitSci/spaceweather_gallery_images/224211_224211.jpg,https://spaceweathergallery2.com/submissions/pics/p/P-M-Heden-NLC-reflections-small-web_1752135508_fpthumb.jpg
swg_224205,Yes,,,,Jul 10 2:49am,"near Szubin, Poland",Noctilucent Clouds by Marek Nikodem,/Users/namai/Documents/Project/CitSci/spaceweather_gallery_images/224205_224205.jpg,https://spaceweathergallery2.com/submissions/pics/m/Marek-Nikodem-CDS_7150_1752115702_fpthumb.jpg
swg_224202,Yes,,,,Jul 10 1:30am,"Salo, Finland",Noctilucent Clouds by Mikko Peussa,/Users/namai/Documents/Project/CitSci/spaceweather_gallery_images/224202_224202.jpg,https://spaceweathergallery2.com/submissions/pics/m/Mikko-Peussa-IMG_4253A-spaceweather_1752111046_fpthumb.jpg
swg_224200,Yes,,,,Jul 9 10:57pm,"Seaton Carew, Co Durham, Englan",Noctilucent Clouds by Kevan Hubbard,/Users/namai/Documents/Project/CitSci/spaceweather_gallery_images/224200_224200.jpg,https://spaceweathergallery2.com/submissions/pics/k/Kevan-Hubbard-PXL_20250709_224932552.NIGHT_1752101853_fpthumb.jpg
swg_224186,Yes,,,,Jul 9 2:22am,"Blue Mountain, Olympic National",Noctilucent Clouds & Milky Way by M Rafferty,/Users/namai/Documents/Project/CitSci/spaceweather_gallery_images/224186_224186.jpg,https://spaceweathergallery2.com/submissions/pics/m/M-Rafferty-Noctilucent-Milky-Way_MRafferty-070125-Blue-Mtn_1752027721_fpthumb.jpg
swg_224183,Yes,,,,Jul 8 8:19pm,"Bury, Lancs UK",Noctilucent Clouds by Yvonne Skelton,/Users/namai/Documents/Project/CitSci/spaceweather_gallery_images/224183_224183.jpg,https://spaceweathergallery2.com/submissions/pics/y/Yvonne-Skelton-P11607112_1752005957_fpthumb.jpg
swg_224177,Yes,,,,Jul 8 2:36pm,"Red Deer, AB CANADA",Noctilucent Clouds by Lisa C,/Users/namai/Documents/Project/CitSci/spaceweather_gallery_images/224177_224177.jpg,https://spaceweathergallery2.com/submissions/pics/l/Lisa-C-IMG_5889_1751985380_fpthumb.jpg
swg_224176,Yes,,,,Jul 8 2:29pm,"Red Deer, AB CANADA",NLC by Lisa C,/Users/namai/Documents/Project/CitSci/spaceweather_gallery_images/224176_224176.jpg,https://spaceweathergallery2.com/submissions/pics/l/Lisa-C-IMG_5752_1751984930_fpthumb.jpg
swg_224174,Yes,,,,Jul 8 8:54am,"Deventer, The Netherlands",Noctilucent Clouds With Diverse Structure by Peter Paul Hattinga Verschure,/Users/namai/Documents/Project/CitSci/spaceweather_gallery_images/224174_224174.jpg,https://spaceweathergallery2.com/submissions/pics/p/Peter-Paul-Hattinga-Verschure-20250708-0335lt-11-3002048_1751964858_fpthumb.jpg
swg_224172,Yes,,,,Jul 8 6:52am,"Elgin, Moray, Scotland, UK",Noctilucent Clouds by Alan C Tough,/Users/namai/Documents/Project/CitSci/spaceweather_gallery_images/224172_224172.jpg,https://spaceweathergallery2.com/submissions/pics/a/Alan-C-Tough-NLC_20250708_0102_actough_1751957526_fpthumb.jpg
swg_224171,Yes,,,,Jul 8 6:25am,"Westerhope Moor ,Co Durham ,Eng",Noctilucent Clouds And Venus by Kevan Hubbard,/Users/namai/Documents/Project/CitSci/spaceweather_gallery_images/224171_224171.jpg,https://spaceweathergallery2.com/submissions/pics/k/Kevan-Hubbard-PXL_20250708_0235531452_1751955875_fpthumb.jpg
swg_224170,Yes,,,,Jul 8 5:15am,"Langar, Nottinghamshire, UK",Noctilucent Clouds At 52.9 North by Nigel Wood,/Users/namai/Documents/Project/CitSci/spaceweather_gallery_images/224170_224170.jpg,https://spaceweathergallery2.com/submissions/pics/n/Nigel-Wood-Noctilucent-Clouds-Langar-01.35-UT-8-July-2025_1751951694_fpthumb.jpg
swg_224169,Yes,,,,Jul 8 5:01am,"Westerhope Moor ,Co Durham ,Eng",Noctilucent Clouds by Kevan Hubbard,/Users/namai/Documents/Project/CitSci/spaceweather_gallery_images/224169_224169.jpg,https://spaceweathergallery2.com/submissions/pics/k/Kevan-Hubbard-PXL_20250708_001822738.NIGHT2_1751950891_fpthumb.jpg
swg_224168,Yes,,,,Jul 8 1:48am,"Glasgow, Scotland",Noctilucent Cloud by brian jobson,/Users/namai/Documents/Project/CitSci/spaceweather_gallery_images/224168_224168.jpg,https://spaceweathergallery2.com/submissions/pics/b/brian-jobson-53EDD806-1706-4AA5-A87C-CD922E9F072F_1751939282_fpthumb.jpg
swg_224122,Yes,,,,Jul 4 1:12pm,"Berlin, Germany",Noctilucent Clouds by KRZYSZTOF GOŁYŃSKI,/Users/namai/Documents/Project/CitSci/spaceweather_gallery_images/224122_224122.jpg,https://spaceweathergallery2.com/submissions/pics/k/KRZYSZTOF-GOYSKI-IMG_41003_1751634721_fpthumb.jpg
swg_224116,Yes,,,,Jul 3 10:50pm,Italy Adriatic Sea,NLCs At 44° Italy by Claudio Balella,/Users/namai/Documents/Project/CitSci/spaceweather_gallery_images/224116_224116.jpg,https://spaceweathergallery2.com/submissions/pics/c/Claudio-Balella-NLCs030725_7773c2ClaudioBalella_1751583012_fpthumb.jpg
swg_224113,Yes,,,,Jul 3 10:22pm,"Seaton Carew, Co Durham, Englan",Noctilucent Clouds by Kevan Hubbard,/Users/namai/Documents/Project/CitSci/spaceweather_gallery_images/224113_224113.jpg,https://spaceweathergallery2.com/submissions/pics/k/Kevan-Hubbard-PXL_20250703_220336713.NIGHT2_1751581345_fpthumb.jpg
swg_224100,Yes,,,,Jul 3 3:54pm,"Kloetinge, the Netherlands",Early Morning Noctilucent Clouds by Jan Koeman,/Users/namai/Documents/Project/CitSci/spaceweather_gallery_images/224100_224100.jpg,https://spaceweathergallery2.com/submissions/pics/j/Jan-Koeman-FotocJanKoeman-2025-07-03-025413_1751558025_fpthumb.jpg
swg_224099,Yes,,,,Jul 3 2:43pm,"Near Ukmergė, Lithuania",Noctilucent Clouds by Rimantas Liubertas,/Users/namai/Documents/Project/CitSci/spaceweather_gallery_images/224099_Rimantas-Liubertas-nlc_1751553777.jpg,https://spaceweathergallery2.com/submissions/pics/r/Rimantas-Liubertas-nlc_1751553777_fpthumb.jpg
swg_224098,Yes,,,,Jul 3 2:14pm,"Słupsk, Pomorskie, Polska",Noctilucent Clouds by Tadek Piotrowski,/Users/namai/Documents/Project/CitSci/spaceweather_gallery_images/224098_224098.jpg,https://spaceweathergallery2.com/submissions/pics/t/Tadek-Piotrowski--IMG_20250702_231309_1751552047_fpthumb.jpg
swg_224091,Yes,,,,Jul 3 12:15pm,Deutschland/ Rheinsberg,NLC by Dirk Pape,/Users/namai/Documents/Project/CitSci/spaceweather_gallery_images/224091_224091.jpg,https://spaceweathergallery2.com/submissions/pics/d/Dirk-Pape-DSC_0228_1751544889_fpthumb.jpg
swg_224088,Yes,,,,Jul 3 11:35am,"Saliena, Latvija",Noctilucent Clouds by Samanta,/Users/namai/Documents/Project/CitSci/spaceweather_gallery_images/224088_224088.jpg,https://spaceweathergallery2.com/submissions/pics/s/Samanta-IMG_5899_1751542488_fpthumb.jpg
swg_224087,Yes,,,,Jul 3 11:12am,"Torun, Poland",Noctilucent Clouds Above Torun by Stanislaw Rokita,/Users/namai/Documents/Project/CitSci/spaceweather_gallery_images/224087_224087.jpg,https://spaceweathergallery2.com/submissions/pics/s/Stanislaw-Rokita-Torun_NLC_04_1751541056_fpthumb.jpg
swg_224086,Yes,,,,Jul 3 9:07am,"Deventer, The Netherlands",Bright Noctilucent Clouds Again by Peter Paul Hattinga Verschure,/Users/namai/Documents/Project/CitSci/spaceweather_gallery_images/224086_224086.jpg,https://spaceweathergallery2.com/submissions/pics/p/Peter-Paul-Hattinga-Verschure-20250703-0357lt-1-3002048um_1751533612_fpthumb.jpg
swg_224080,Yes,,,,Jul 3 6:00am,"Langar, Nottinghamshire, UK",Noctilucent Clouds At 52.9 North by Nigel Wood,/Users/namai/Documents/Project/CitSci/spaceweather_gallery_images/224080_224080.jpg,https://spaceweathergallery2.com/submissions/pics/n/Nigel-Wood-Noctilucent-Clouds-Langar-01.43-UT-3-July-2025_1751522425_fpthumb.jpg
swg_224079,Yes,,,,Jul 3 4:08am,"Toruń, Poland",Noctilucent Clouds by Marek Nikodem,/Users/namai/Documents/Project/CitSci/spaceweather_gallery_images/224079_224079.jpg,https://spaceweathergallery2.com/submissions/pics/m/Marek-Nikodem-CDS_6871_1751515513_fpthumb.jpg
swg_224078,Yes,,,,Jul 3 3:53am,"near Szubin, Poland",Noctilucent Clouds by Marek Nikodem,/Users/namai/Documents/Project/CitSci/spaceweather_gallery_images/224078_224078.jpg,https://spaceweathergallery2.com/submissions/pics/m/Marek-Nikodem-CDS_6836_1751514759_fpthumb.jpg
swg_224076,Yes,,,,Jul 3 2:38am,"Proseč u Seče, Czech Republic",Bright Noctilucent Clouds Over Central Eu by Petr Horálek,/Users/namai/Documents/Project/CitSci/spaceweather_gallery_images/224076_224076.jpg,https://spaceweathergallery2.com/submissions/pics/p/Petr-Horalek-2025_07_03_Sec_NLC_kravy_1500px_1751510168_fpthumb.png
swg_224071,Yes,,,,Jul 3 12:07am,"Seaton Carew, Co Durham, Englan",Noctilucent Clouds by Kevan Hubbard,/Users/namai/Documents/Project/CitSci/spaceweather_gallery_images/224071_224071.jpg,https://spaceweathergallery2.com/submissions/pics/k/Kevan-Hubbard-PXL_20250702_224159213.NIGHT2_1751501248_fpthumb.jpg
swg_224070,Yes,,,,Jul 2 11:35pm,Landberg hill near Herzogswalde,Noctilucent Clouds by Heiko Ulbricht,/Users/namai/Documents/Project/CitSci/spaceweather_gallery_images/224070_224070.jpg,https://spaceweathergallery2.com/submissions/pics/h/Heiko-Ulbricht-NLCs-02-07-2025-Sw_1751499348_fpthumb.png
swg_224067,Yes,,,,Jul 2 10:36pm,"Prague, Czech republic",NLC by Václav Komínek,/Users/namai/Documents/Project/CitSci/spaceweather_gallery_images/224067_224067.jpg,https://spaceweathergallery2.com/submissions/pics/v/Vaclav-Kominek-20250702_231239_1751495745_fpthumb.jpg
swg_224066,Yes,,,,Jul 2 10:08pm,"Warsaw, Poland",Noctilucent Clouds by Barbara Grudzinska,/Users/namai/Documents/Project/CitSci/spaceweather_gallery_images/224066_224066.jpg,https://spaceweathergallery2.com/submissions/pics/b/Barbara-Grudzinska-20250702_232630608_1751494109_fpthumb.jpg
swg_224062,Yes,,,,Jul 2 9:40pm,"Vilnius, Lithuania",Noctilucent Clouds by Džiugas,/Users/namai/Documents/Project/CitSci/spaceweather_gallery_images/224062_224062.jpg,https://spaceweathergallery2.com/submissions/pics/d/Diugas-IMG_2158_1751492386_fpthumb.jpg
swg_224061,Yes,,,,Jul 2 9:30pm,Italy Adriatic Sea,NLCs ...traces At 44° by Claudio Balella,/Users/namai/Documents/Project/CitSci/spaceweather_gallery_images/224061_224061.jpg,https://spaceweathergallery2.com/submissions/pics/c/Claudio-Balella-NLCs020725ore2214_621ClaudioBalella_1751491790_fpthumb.jpg
swg_224060,Yes,,,,Jul 2 9:14pm,"Krosno, Poland",NLCs Over Southern Poland by Antoni G,/Users/namai/Documents/Project/CitSci/spaceweather_gallery_images/224060_224060.jpg,https://spaceweathergallery2.com/submissions/pics/a/Antoni-G-20250702_223037_1751490854_fpthumb.jpg
swg_224054,Yes,,,,Jul 2 5:57pm,"Kranenburg, Vorden, Netherlands",NLCs by Freddy Nauta,/Users/namai/Documents/Project/CitSci/spaceweather_gallery_images/224054_224054.jpg,https://spaceweathergallery2.com/submissions/pics/f/Freddy-Nauta-IMG_6875_1751479008_fpthumb.jpg
swg_224028,Yes,,,,Jul 1 5:45pm,"Wépion, Belgium",NLC by Lombry Thierry,/Users/namai/Documents/Project/CitSci/spaceweather_gallery_images/224028_224028.jpg,https://spaceweathergallery2.com/submissions/pics/l/Lombry-Thierry-nuages-nocti-29juin2025-3h43m-wepion_1751391943_fpthumb.jpg
swg_224025,Yes,,,,Jul 1 4:06pm,"Emmeloord, the Netherlands",Noctilucent Clouds by Pieter Westdijk,/Users/namai/Documents/Project/CitSci/spaceweather_gallery_images/224025_224025.jpg,https://spaceweathergallery2.com/submissions/pics/p/Pieter-Westdijk-noctilent-clouds-29-06-2025_1751385932_fpthumb.jpg
swg_224022,Yes,,,,Jul 1 1:36pm,"Nailsea, Bristol, UK",Noctilucent Clouds by Tony H,/Users/namai/Documents/Project/CitSci/spaceweather_gallery_images/224022_224022.jpg,https://spaceweathergallery2.com/submissions/pics/t/Tony-H-Noctilucent1_ed_1751376923_fpthumb.jpg
swg_224020,Yes,,,,Jul 1 11:31am,AZM Martinsberg Austria,NLC From Austria by Michael Jaeger,/Users/namai/Documents/Project/CitSci/spaceweather_gallery_images/224020_224020.jpg,https://spaceweathergallery2.com/submissions/pics/m/Michael-Jaeger-NLC20250628-ezgif.com-crop_1751369491_fpthumb.gif
swg_224019,Yes,,,,Jul 1 10:02am,"Edmonton, Alberta, Canada",Noctilucent Clouds by Joel Weatherly,/Users/namai/Documents/Project/CitSci/spaceweather_gallery_images/224019_224019.jpg,https://spaceweathergallery2.com/submissions/pics/j/Joel-Weatherly-Canada-Day-Noctilucent-Clouds_1751364147_fpthumb.jpg
swg_224014,Yes,,,,Jul 1 6:31am,"Garsdale Head,Yorkshire Dales N",Noctilucent Clouds by Kevan Hubbard,/Users/namai/Documents/Project/CitSci/spaceweather_gallery_images/224014_224014.jpg,https://spaceweathergallery2.com/submissions/pics/k/Kevan-Hubbard-PXL_20250630_223852702.NIGHT_1751351486_fpthumb.jpg
swg_224009,Yes,,,,Jun 30 9:38pm,"near Gleichen, Alberta, Canada",NLCs From Alberta by Alan Dyer,/Users/namai/Documents/Project/CitSci/spaceweather_gallery_images/224009_224009.jpg,https://spaceweathergallery2.com/submissions/pics/a/Alan-Dyer-Noctilucent-Clouds-Panorama-2-June-29-2025_1751319517_fpthumb.jpg
swg_224008,Yes,,,,Jun 30 9:22pm,"Harleston, Norfolk, UK",NLCs At 52N by Ian Carstairs,/Users/namai/Documents/Project/CitSci/spaceweather_gallery_images/224008_224008.jpg,https://spaceweathergallery2.com/submissions/pics/i/Ian-Carstairs-20250630-Noctilucent--IMG_6208-copy_1751318557_fpthumb.jpg
swg_224007,Yes,,,,Jun 30 9:00pm,"Broadstairs, South East England",Noctilucent Clouds by Liam Hearty,/Users/namai/Documents/Project/CitSci/spaceweather_gallery_images/224007_224007.jpg,https://spaceweathergallery2.com/submissions/pics/l/Liam-Hearty-0S5A9950_1751317186_fpthumb.jpg
swg_224006,Yes,,,,Jun 30 8:28pm,"North Yorkshire, UK",Noctilucent Clouds by Steve Brown,/Users/namai/Documents/Project/CitSci/spaceweather_gallery_images/224006_224006.jpg,https://spaceweathergallery2.com/submissions/pics/s/Steve-Brown-Noctilucent-clouds-29-30-June-2025-from-North-Yorkshire_1751315325_fpthumb.jpg
swg_224002,Yes,,,,Jun 30 6:31pm,"Rocky View County, Alberta, Can",Noctilucent Clouds by Dave Rudisuela,/Users/namai/Documents/Project/CitSci/spaceweather_gallery_images/224002_224002.jpg,https://spaceweathergallery2.com/submissions/pics/d/Dave-Rudisuela-NLC-2025-06-29-to-30_short_FullHD_half_speed_1751305176_fpthumb.gif
swg_224001,Yes,,,,Jun 30 5:22pm,"Middelburg, the Netherlands",NLC’s by Rijk-Jan Koppejan,/Users/namai/Documents/Project/CitSci/spaceweather_gallery_images/224001_Rijk-Jan-Koppejan-IMG_3152_1751304152.jpg,https://spaceweathergallery2.com/submissions/pics/r/Rijk-Jan-Koppejan-IMG_3152_1751304152_fpthumb.jpg
swg_223995,Yes,,,,Jul 5 7:10pm,"Airdrie Alberta, Canada",Noctilucent Clouds by Dan Starks,/Users/namai/Documents/Project/CitSci/spaceweather_gallery_images/223995_223995.jpg,https://spaceweathergallery2.com/submissions/pics/d/Dan-Starks-IMG_1415_1751298806_fpthumb.jpg
swg_223993,Yes,,,,Jun 30 3:44pm,"Kings Lynn, Norfolk, England",Noctilucent Cloud by Mick Norman,/Users/namai/Documents/Project/CitSci/spaceweather_gallery_images/223993_223993.jpg,https://spaceweathergallery2.com/submissions/pics/m/Mick-Norman-NLC2025a_1751298288_fpthumb.jpg
swg_223990,Yes,,,,Jun 30 2:33pm,"Ardrossan, Alberta",Noctilucent Clouds by Brian Martin,/Users/namai/Documents/Project/CitSci/spaceweather_gallery_images/223990_223990.jpg,https://spaceweathergallery2.com/submissions/pics/b/Brian-Martin-noct1a_06292025_1751293967_fpthumb.jpg
swg_223989,Yes,,,,Jun 30 2:08pm,"Bury, Lancashire , UK",Noctilucent by Yvonne Skelton,/Users/namai/Documents/Project/CitSci/spaceweather_gallery_images/223989_223989.jpg,https://spaceweathergallery2.com/submissions/pics/y/Yvonne-Skelton--P11606842_1751292481_fpthumb.jpg
swg_223988,Yes,,,,Jun 30 1:52pm,"Horsham, West Sussex, England",Noctilucent Clouds by Ken Florey,/Users/namai/Documents/Project/CitSci/spaceweather_gallery_images/223988_223988.jpg,https://spaceweathergallery2.com/submissions/pics/k/Ken-Florey-IMG_8944_1751291515_fpthumb.jpg
swg_223987,Yes,,,,Jun 30 12:55pm,"Erftstadt-Gymnich, NRW, Germany",NLC - Noctilucent Clouds by Dr. Gabriele Berberich,/Users/namai/Documents/Project/CitSci/spaceweather_gallery_images/223987_223987.jpg,https://spaceweathergallery2.com/submissions/pics/d/Dr.-Gabriele-Berberich-20250629_Berberich_NLC_Erftstadt-Gymnich_1751288087_fpthumb.jpg
swg_223984,Yes,,,,Jun 30 12:48pm,"Erftstadt-Gymnich, Northrhine-W",NLC - Noctilucent Clouds by Dr. Gabriele Berberich,/Users/namai/Documents/Project/CitSci/spaceweather_gallery_images/223984_223984.jpg,https://spaceweathergallery2.com/submissions/pics/d/Dr.-Gabriele-Berberich-20250629_Berberich_NLC_Erftstadt-Gymnich_1751287700_fpthumb.jpg
swg_223983,Yes,,,,Jun 30 12:29pm,"Saliena, Latvija",Noctilucent Clouds by Samanta,/Users/namai/Documents/Project/CitSci/spaceweather_gallery_images/223983_223983.jpg,https://spaceweathergallery2.com/submissions/pics/s/Samanta-IMG_5853_1751286526_fpthumb.jpg
swg_223982,Yes,,,,Jun 30 11:51am,Rheinsberg / Deutschland,Leuchtende Nachtwolken NLC by Dirk Pape,/Users/namai/Documents/Project/CitSci/spaceweather_gallery_images/223982_223982.jpg,https://spaceweathergallery2.com/submissions/pics/d/Dirk-Pape-20250629_2350251_1751284256_fpthumb.jpg
swg_223981,Yes,,,,Jun 30 11:49am,"Tryskiai, Lithuania",Bright Noctilucent Clouds by Evelina Beliakaite,/Users/namai/Documents/Project/CitSci/spaceweather_gallery_images/223981_223981.jpg,https://spaceweathergallery2.com/submissions/pics/e/Evelina-Beliakaite-IMG_4119_1751284109_fpthumb.jpg
swg_223978,Yes,,,,Jun 30 11:06am,"Lerchenberg hill, Saxony, Germa",Noctilucent Clouds by Heiko Ulbricht,/Users/namai/Documents/Project/CitSci/spaceweather_gallery_images/223978_223978.jpg,https://spaceweathergallery2.com/submissions/pics/h/Heiko-Ulbricht-NLCs-2025-06-30_1751281544_fpthumb.png
swg_223977,Yes,,,,Jun 30 10:38am,"Wokingham, England, UK.",Noctilucent Cloud by George Anderson,/Users/namai/Documents/Project/CitSci/spaceweather_gallery_images/223977_223977.jpg,https://spaceweathergallery2.com/submissions/pics/g/George-Anderson-IMG_5186a_1751279791_fpthumb.jpg
swg_223976,Yes,,,,Jun 30 10:22am,"De Bilt, Utrecht province, The",Noctilucent Clouds by Rob Jastrzebski,/Users/namai/Documents/Project/CitSci/spaceweather_gallery_images/223976_Rob-Jastrzebski-2025-06-29-001_1751278888.jpg,https://spaceweathergallery2.com/submissions/pics/r/Rob-Jastrzebski-2025-06-29-001_1751278888_fpthumb.jpg
swg_223975,Yes,,,,Jun 30 10:08am,Over France,Noctilucent Clouds by Luca,/Users/namai/Documents/Project/CitSci/spaceweather_gallery_images/223975_223975.jpg,https://spaceweathergallery2.com/submissions/pics/l/Luca-IMG_7926_1751278095_fpthumb.jpg
swg_223972,Yes,,,,Jun 30 8:55am,"Belfast, Northern Ireland",Noctilucent Clouds by Ross McLaughlin,/Users/namai/Documents/Project/CitSci/spaceweather_gallery_images/223972_Ross-McLaughlin-PXL_20250629_231044518_1751273728.jpg,https://spaceweathergallery2.com/submissions/pics/r/Ross-McLaughlin-PXL_20250629_231044518_1751273728_fpthumb.jpg
swg_223970,Yes,,,,Jun 30 8:29am,"Edmonton, Alberta, Canada",Noctilucent Clouds by Gerry Emas,/Users/namai/Documents/Project/CitSci/spaceweather_gallery_images/223970_223970.jpg,https://spaceweathergallery2.com/submissions/pics/g/Gerry-Emas-_NNN2286-Edit_1751272128_fpthumb.jpg
swg_223968,Yes,,,,Jun 30 8:25am,"Megen, the Netherlands",Noctilucent Clouds by Edwin van Schijndel,/Users/namai/Documents/Project/CitSci/spaceweather_gallery_images/223968_223968.jpg,https://spaceweathergallery2.com/submissions/pics/e/Edwin-van-Schijndel-lichtende-nachtwolken-Megen-1-gecomprimeerd_1751271890_fpthumb.jpg
swg_223967,Yes,,,,Jun 30 8:23am,"Edmonton, Alberta, Canada",Great Display Of Noctilucent Clouds. by Gerry Emas,/Users/namai/Documents/Project/CitSci/spaceweather_gallery_images/223967_223967.jpg,https://spaceweathergallery2.com/submissions/pics/g/Gerry-Emas-_NNN2286-Edit_1751271819_fpthumb.jpg
swg_223965,Yes,,,,Jun 30 8:10am,"Langar, Nottinghamshire, UK",Noctilucent Clouds At 52.9 North by Nigel Wood,/Users/namai/Documents/Project/CitSci/spaceweather_gallery_images/223965_223965.jpg,https://spaceweathergallery2.com/submissions/pics/n/Nigel-Wood-Noctilucent-Clouds-22.39-UT-29-June-2025-Langar_1751270986_fpthumb.jpg
swg_223964,Yes,,,,Jun 30 8:03am,ALSEMBERG BELGIUM,NLC by Emmanuel Vanderdonckt,/Users/namai/Documents/Project/CitSci/spaceweather_gallery_images/223964_223964.jpg,https://spaceweathergallery2.com/submissions/pics/e/Emmanuel-Vanderdonckt-DSC02052_1751270587_fpthumb.jpg
swg_223963,Yes,,,,Jun 30 7:53am,"near Szubin, Poland",Noctilucent Clouds by Marek Nikodem,/Users/namai/Documents/Project/CitSci/spaceweather_gallery_images/223963_223963.jpg,https://spaceweathergallery2.com/submissions/pics/m/Marek-Nikodem-CDS_6737_1751269978_fpthumb.jpg
swg_223962,Yes,,,,Jun 30 7:17am,"Kopstukken Groningen, the Nethe",Noctilucent Clowds by Remy Brandt,/Users/namai/Documents/Project/CitSci/spaceweather_gallery_images/223962_Remy-Brandt-IMG_20250630_001507_1751267815.jpg,https://spaceweathergallery2.com/submissions/pics/r/Remy-Brandt-IMG_20250630_001507_1751267815_fpthumb.jpg
swg_223961,Yes,,,,Jun 30 7:16am,"Almere, the Netherlands",NLC by Jan Freijer,/Users/namai/Documents/Project/CitSci/spaceweather_gallery_images/223961_223961.jpg,https://spaceweathergallery2.com/submissions/pics/j/Jan-Freijer-DSC_1407_1751267751_fpthumb.jpg
swg_223959,Yes,,,,Jun 30 6:12am,Windermere BC Canada,NLC by John Parkin,/Users/namai/Documents/Project/CitSci/spaceweather_gallery_images/223959_223959.jpg,https://spaceweathergallery2.com/submissions/pics/j/John-Parkin-IMG_6459_1751263917_fpthumb.jpg
swg_223957,Yes,,,,Jun 30 6:05am,"Saskatoon, saskatchewano",Noctilucent Clouds by Frank Lang,/Users/namai/Documents/Project/CitSci/spaceweather_gallery_images/223957_223957.jpg,https://spaceweathergallery2.com/submissions/pics/f/Frank-Lang-noctilucent-1_1751263538_fpthumb.jpg
swg_223946,Yes,,,,Jun 30 1:11am,"Rusko, Finland",Noctilucent Clouds by Mikko Peussa,/Users/namai/Documents/Project/CitSci/spaceweather_gallery_images/223946_223946.jpg,https://spaceweathergallery2.com/submissions/pics/m/Mikko-Peussa-IMG_9557Aspaceweather_1751245868_fpthumb.jpg
swg_223945,Yes,,,,Jun 30 12:01am,Hull (UK),NLC by Paolo Bardelli,/Users/namai/Documents/Project/CitSci/spaceweather_gallery_images/223945_223945.jpg,https://spaceweathergallery2.com/submissions/pics/p/Paolo-Bardelli-01_1751241693_fpthumb.jpg
swg_223944,Yes,,,,Jun 29 11:33pm,"Lytham, Lancashire, UK",Noctilucent Clouds by Andrew Brown,/Users/namai/Documents/Project/CitSci/spaceweather_gallery_images/223944_223944.jpg,https://spaceweathergallery2.com/submissions/pics/a/Andrew-Brown-NLC_Lytham_Lancs_29Jun25_2327BST_1751239983_fpthumb.png
swg_223942,Yes,,,,Jun 29 10:52pm,"East Shore Village, Durham, U.K",Panoramic View Of Noctilucent Clouds. by Les Brooks,/Users/namai/Documents/Project/CitSci/spaceweather_gallery_images/223942_223942.jpg,https://spaceweathergallery2.com/submissions/pics/l/Les-Brooks-IMG-20250629-WA00025_1751237505_fpthumb.jpg
swg_223941,Yes,,,,Jun 29 10:49pm,Paris,Noctilucent Clouds by Bertrand Kulik,/Users/namai/Documents/Project/CitSci/spaceweather_gallery_images/223941_223941.jpg,https://spaceweathergallery2.com/submissions/pics/b/Bertrand-Kulik-IMG_9430p_1751237387_fpthumb.jpg
swg_223940,Yes,,,,Jun 29 10:47pm,"Kybartai, Lithuania",NLCs by Dilanas Burdulis,/Users/namai/Documents/Project/CitSci/spaceweather_gallery_images/223940_223940.jpg,https://spaceweathergallery2.com/submissions/pics/d/Dilanas-Burdulis--IMG_20250630_013727497_1751237184_fpthumb.jpg
swg_223939,Yes,,,,Jun 29 10:43pm,"Deventer, The Netherlands",Noctilucent Clouds by Peter Paul Hattinga Verschure,/Users/namai/Documents/Project/CitSci/spaceweather_gallery_images/223939_223939.jpg,https://spaceweathergallery2.com/submissions/pics/p/Peter-Paul-Hattinga-Verschure-20250629-2346lt-15-um3002048_1751236968_fpthumb.jpg
swg_223938,Yes,,,,Jun 29 10:36pm,"Goes, the Netherlands",Noctilucent Clouds And The Moon by Jan Koeman,/Users/namai/Documents/Project/CitSci/spaceweather_gallery_images/223938_223938.jpg,https://spaceweathergallery2.com/submissions/pics/j/Jan-Koeman-FotocJanKoeman-2025-06-29-225105-maan-mars-en-nlc_1751236591_fpthumb.jpg
swg_223937,Yes,,,,Jun 29 10:31pm,"Devon, South West UK",Noctilucent Clouds by Rich Cliff,/Users/namai/Documents/Project/CitSci/spaceweather_gallery_images/223937_Rich-Cliff-20250629_225256_1751236284.jpg,https://spaceweathergallery2.com/submissions/pics/r/Rich-Cliff-20250629_225256_1751236284_fpthumb.jpg
swg_223936,Yes,,,,Jun 29 10:21pm,"East Shore Village, Durham, U.K",Noctilucent Clouds by Les Brooks,/Users/namai/Documents/Project/CitSci/spaceweather_gallery_images/223936_223936.jpg,https://spaceweathergallery2.com/submissions/pics/l/Les-Brooks-IMG_20250629_231313_337_1751235656_fpthumb.jpg
swg_223935,Yes,,,,Jun 29 10:18pm,"Dunstable, England",Noctilucent Clouds by Kevin Gorton,/Users/namai/Documents/Project/CitSci/spaceweather_gallery_images/223935_223935.jpg,https://spaceweathergallery2.com/submissions/pics/k/Kevin-Gorton-IMG_0071_1751235508_fpthumb.jpg
swg_223934,Yes,,,,Jun 29 10:17pm,Wembley,NLC by Trevor Law,/Users/namai/Documents/Project/CitSci/spaceweather_gallery_images/223934_223934.jpg,https://spaceweathergallery2.com/submissions/pics/t/Trevor-Law--IMG_20250629_224652_1751235388_fpthumb.jpg
swg_223923,Yes,,,,Jul 30 10:59am,"Gothenburg, Sweden",Noctilucent Clouds by Bianka Doman-Mócsány,/Users/namai/Documents/Project/CitSci/spaceweather_gallery_images/223923_223923.jpg,https://spaceweathergallery2.com/submissions/pics/b/Bianka-Doman-Mocsany-20250629_001701_1751211049_fpthumb.jpg
swg_223915,Yes,,,,Jun 29 12:44pm,"Wokingham, England, UK.",Noctilucent Cloud by George Anderson,/Users/namai/Documents/Project/CitSci/spaceweather_gallery_images/223915_223915.jpg,https://spaceweathergallery2.com/submissions/pics/g/George-Anderson-NLC_28June2025_2236utc_Wokingham_IMG5139a_1751201045_fpthumb.jpg
swg_223914,Yes,,,,Jun 29 10:37am,"Kranenburg, Vorden, Netherlands",Noctilucent Clouds by Freddy Nauta,/Users/namai/Documents/Project/CitSci/spaceweather_gallery_images/223914_223914.jpg,https://spaceweathergallery2.com/submissions/pics/f/Freddy-Nauta-IMG_6868-PS-small_1751193420_fpthumb.jpg
swg_223911,Yes,,,,Jun 29 9:07am,"Langar, Nottinghamshire, UK",Noctilucent Clouds At 52.9 North by Nigel Wood,/Users/namai/Documents/Project/CitSci/spaceweather_gallery_images/223911_223911.jpg,https://spaceweathergallery2.com/submissions/pics/n/Nigel-Wood-Noctilucent-Clouds-00.37-U.T.-Langar-29-June-2025_1751188064_fpthumb.jpg
swg_223909,Yes,,,,Jun 29 8:11am,"Deventer, The Netherlands",Noctilucent Clouds by Peter Paul Hattinga Verschure,/Users/namai/Documents/Project/CitSci/spaceweather_gallery_images/223909_223909.jpg,https://spaceweathergallery2.com/submissions/pics/p/Peter-Paul-Hattinga-Verschure-20250629-0317lt-3-2048_1751184670_fpthumb.jpg
swg_223907,Yes,,,,Jun 29 6:54am,"Harleston, Norfolk, UK",NLCs At 52N by Ian Carstairs,/Users/namai/Documents/Project/CitSci/spaceweather_gallery_images/223907_223907.jpg,https://spaceweathergallery2.com/submissions/pics/i/Ian-Carstairs-20250629-Noctilucent-IMG_0959-copy_1751180074_fpthumb.jpg
swg_223904,Yes,,,,Jun 29 12:04am,"Seaton Carew, Co Durham, Englan",Noctilucent Clouds by Kevan Hubbard,/Users/namai/Documents/Project/CitSci/spaceweather_gallery_images/223904_223904.jpg,https://spaceweathergallery2.com/submissions/pics/k/Kevan-Hubbard-PXL_20250628_234041666.NIGHT_1751155454_fpthumb.jpg
swg_223902,Yes,,,,Jun 29 1:47pm,"Lewedorp, Zeeland, Netherlands",NLC by Karin Sijp Schutte,/Users/namai/Documents/Project/CitSci/spaceweather_gallery_images/223902_223902.jpg,https://spaceweathergallery2.com/submissions/pics/k/Karin-Sijp-Schutte-IMG_2102_1751150457_fpthumb.jpg
swg_223840,Yes,,,,Jun 25 11:02pm,"Seaton Carew, Co Durham, Englan",Noctilucent Clouds by Kevan Hubbard,/Users/namai/Documents/Project/CitSci/spaceweather_gallery_images/223840_223840.jpg,https://spaceweathergallery2.com/submissions/pics/k/Kevan-Hubbard-PXL_20250625_222919732.NIGHT_1750892542_fpthumb.jpg
swg_223834,Yes,,,,Jun 25 6:16pm,"Rimouski, Québec, Canada",Noctilucent Clouds Display by Lawrence Everitt,/Users/namai/Documents/Project/CitSci/spaceweather_gallery_images/223834_223834.jpg,https://spaceweathergallery2.com/submissions/pics/l/Lawrence-Everitt-_MG_5413_1750868859_fpthumb.jpg
swg_223829,Yes,,,,Jun 25 10:19am,"Flattinge at Lake Flaren, Smala",Noctilucent Clouds by Franz Josef Natschlaeger,/Users/namai/Documents/Project/CitSci/spaceweather_gallery_images/223829_223829.jpg,https://spaceweathergallery2.com/submissions/pics/f/Franz-Josef-Natschlaeger-_23A2101k2_1750846745_fpthumb.jpg
swg_223828,Yes,,,,Jun 25 8:26am,Lloydminster AB,NLC by Jeff S.,/Users/namai/Documents/Project/CitSci/spaceweather_gallery_images/223828_223828.jpg,https://spaceweathergallery2.com/submissions/pics/j/Jeff-S.-IMG_3842_1750839989_fpthumb.jpg
swg_223813,Yes,,,,Jun 24 4:56pm,"Harleston, Norfolk, UK",NLCs At 52N by Ian Carstairs,/Users/namai/Documents/Project/CitSci/spaceweather_gallery_images/223813_223813.jpg,https://spaceweathergallery2.com/submissions/pics/i/Ian-Carstairs-NLCs-IMG_5445-copy_1750784144_fpthumb.jpg
swg_223801,Yes,,,,Jun 24 11:13am,"Wokingham, England, UK.",Noctilucent Cloud by George Anderson,/Users/namai/Documents/Project/CitSci/spaceweather_gallery_images/223801_223801.jpg,https://spaceweathergallery2.com/submissions/pics/g/George-Anderson-IMG_4981a_1750763536_fpthumb.jpg
swg_223800,Yes,,,,Jun 24 9:58am,"Torun, Poland",Noctilucent Clouds Above Torun by Stanislaw Rokita,/Users/namai/Documents/Project/CitSci/spaceweather_gallery_images/223800_223800.jpg,https://spaceweathergallery2.com/submissions/pics/s/Stanislaw-Rokita-Torun_NLC_1750758927_fpthumb.jpg
swg_223799,Yes,,,,Jun 24 9:52am,"Trier, Germany",Noctilucent Clouds by Eva Seidenfaden,/Users/namai/Documents/Project/CitSci/spaceweather_gallery_images/223799_223799.jpg,https://spaceweathergallery2.com/submissions/pics/e/Eva-Seidenfaden-1O5A8029vcwgg_1750758764_fpthumb.jpg
swg_223796,Yes,,,,Jun 24 7:57am,"Deventer, The Netherlands",Bright Noctilucent Clouds by Peter Paul Hattinga Verschure,/Users/namai/Documents/Project/CitSci/spaceweather_gallery_images/223796_223796.jpg,https://spaceweathergallery2.com/submissions/pics/p/Peter-Paul-Hattinga-Verschure-20250624-0339lt-15-3002048_1750751830_fpthumb.jpg
swg_223794,Yes,,,,Jun 24 7:39am,Paris,Parisian Noctilucent Clouds by Bertrand Kulik,/Users/namai/Documents/Project/CitSci/spaceweather_gallery_images/223794_223794.jpg,https://spaceweathergallery2.com/submissions/pics/b/Bertrand-Kulik-6M2A9152p_1750750742_fpthumb.jpg
swg_223792,Yes,,,,Jun 24 7:41am,"near Szubin, Poland",Noctilucent Clouds by Marek Nikodem,/Users/namai/Documents/Project/CitSci/spaceweather_gallery_images/223792_223792.jpg,https://spaceweathergallery2.com/submissions/pics/m/Marek-Nikodem-CDS_6557_1750750037_fpthumb.jpg
swg_223788,Yes,,,,Jun 24 2:36am,"Berlin, Germany",Bright Noctilucent Clouds Over Berlin by Laura Kranich,/Users/namai/Documents/Project/CitSci/spaceweather_gallery_images/223788_223788.jpg,https://spaceweathergallery2.com/submissions/pics/l/Laura-Kranich-DJI_20250624015726_0783_D-Verbessert-NR-Panorama_RECTI_korr_crop3_1750732543_fpthumb.jpg
swg_223777,Yes,,,,Jun 23 10:49am,Maghaberry Northern Ireland,NLC by John C McConnell.,/Users/namai/Documents/Project/CitSci/spaceweather_gallery_images/223777_223777.jpg,https://spaceweathergallery2.com/submissions/pics/j/John-C-McConnell.-NLC_23-6-20255_1750675677_fpthumb.jpg
swg_223772,Yes,,,,Jun 23 6:51am,Shelter Island Alaska,NLC’s!! by Thomas Madey,/Users/namai/Documents/Project/CitSci/spaceweather_gallery_images/223772_223772.jpg,https://spaceweathergallery2.com/submissions/pics/t/Thomas-Madey-1EDE70E7-E699-4C35-A6AE-B335A3C34C96_1750661407_fpthumb.jpg
swg_223764,Yes,,,,Jun 23 12:33am,"Seaton Carew, Co Durham, Englan",Noctilucent Clouds by Kevan Hubbard,/Users/namai/Documents/Project/CitSci/spaceweather_gallery_images/223764_223764.jpg,https://spaceweathergallery2.com/submissions/pics/k/Kevan-Hubbard-PXL_20250622_234237719.MP3_1750638808_fpthumb.jpg
swg_223759,Yes,,,,Jun 22 10:54pm,"Seaton Carew, Co Durham, Englan",Noctilucent Clouds by Kevan Hubbard,/Users/namai/Documents/Project/CitSci/spaceweather_gallery_images/223759_223759.jpg,https://spaceweathergallery2.com/submissions/pics/k/Kevan-Hubbard-PXL_20250622_224158891.NIGHT2_1750632881_fpthumb.jpg
swg_223689,Yes,,,,Jun 19 10:40pm,"Seaton Carew, Co Durham, Englan",Noctilucent Clouds by Kevan Hubbard,/Users/namai/Documents/Project/CitSci/spaceweather_gallery_images/223689_223689.jpg,https://spaceweathergallery2.com/submissions/pics/k/Kevan-Hubbard-PXL_20250619_222804617.NIGHT2_1750372812_fpthumb.jpg
swg_223656,Yes,,,,Jun 18 7:51pm,"Huron, South Dakota",Noctilucent Clouds by Jessieca F.,/Users/namai/Documents/Project/CitSci/spaceweather_gallery_images/223656_223656.jpg,https://spaceweathergallery2.com/submissions/pics/j/Jessieca-F.-20250617_221647_1750276251_fpthumb.jpg
swg_223641,Yes,,,,Jun 18 5:51am,"near Szubin, Poland",Noctilucent Clouds by Marek Nikodem,/Users/namai/Documents/Project/CitSci/spaceweather_gallery_images/223641_223641.jpg,https://spaceweathergallery2.com/submissions/pics/m/Marek-Nikodem-CDS_6428a_1750225871_fpthumb.jpg
swg_223631,Yes,,,,Jun 17 10:53pm,"Freital, Saxony, Germany",Noctilucent Clouds by Heiko Ulbricht,/Users/namai/Documents/Project/CitSci/spaceweather_gallery_images/223631_223631.jpg,https://spaceweathergallery2.com/submissions/pics/h/Heiko-Ulbricht-NLCs-Sw_1750200782_fpthumb.png
swg_223502,Yes,,,,Jun 11 11:43pm,"Hartlepool, Co Durham, England.",Noctilucent Clouds by Kevan Hubbard,/Users/namai/Documents/Project/CitSci/spaceweather_gallery_images/223502_223502.jpg,https://spaceweathergallery2.com/submissions/pics/k/Kevan-Hubbard-PXL_20250611_221314489.NIGHT2_1749685421_fpthumb.jpg
swg_223498,Yes,,,,Jun 11 10:53pm,"Riga, Latvia",Noctilucent Clouds by Raitis Freimanis,/Users/namai/Documents/Project/CitSci/spaceweather_gallery_images/223498_Raitis-Freimanis-IMG_20250604_022238_1749682417.jpg,https://spaceweathergallery2.com/submissions/pics/r/Raitis-Freimanis-IMG_20250604_022238_1749682417_fpthumb.jpg
swg_223469,Yes,,,,Jun 11 1:25pm,"Glasgow, Scotland",Noctilucent Clouds by Robyn Dewar Young,/Users/namai/Documents/Project/CitSci/spaceweather_gallery_images/223469_Robyn-Dewar-Young-DSCF2780-copy_1749648300.jpg,https://spaceweathergallery2.com/submissions/pics/r/Robyn-Dewar-Young-DSCF2780-copy_1749648300_fpthumb.jpg
swg_223440,Yes,,,,Jun 9 10:21pm,North of Calgary Alberta,Aurora Borealis/Noctilucent Clouds by Harlan Thomas,/Users/namai/Documents/Project/CitSci/spaceweather_gallery_images/223440_223440.jpg,https://spaceweathergallery2.com/submissions/pics/h/Harlan-Thomas-TWP-274--Aurora-NLC20250609-D810A-1-1_1749507697_fpthumb.jpg
swg_223438,Yes,,,,Jun 9 9:26pm,North of Calgary Alberta,Aurora Borealis/Noctilucent Clouds by Harlan Thomas,/Users/namai/Documents/Project/CitSci/spaceweather_gallery_images/223438_223438.jpg,https://spaceweathergallery2.com/submissions/pics/h/Harlan-Thomas-TWP-274--Aurora-NLC20250609-D810A-1_1749504401_fpthumb.jpg
swg_223373,Yes,,,,Jun 4 8:30pm,"Losser, The Netherlands","Auroras, Noctilucent Clouds by Jon Riekert",/Users/namai/Documents/Project/CitSci/spaceweather_gallery_images/223373_223373.jpg,https://spaceweathergallery2.com/submissions/pics/j/Jon-Riekert-DSC_2454_1749069030_fpthumb.jpg
swg_223364,Yes,,,,Jun 4 3:03pm,"Kraków, Poland (50°N)",Noctilucent Clouds From Southern Poland by Tomasz Adam,/Users/namai/Documents/Project/CitSci/spaceweather_gallery_images/223364_223364.jpg,https://spaceweathergallery2.com/submissions/pics/t/Tomasz-Adam-20250604_NLC_S2_1749049225_fpthumb.jpg
swg_223351,Yes,,,,Jun 4 5:43am,"Elgin, Moray, Scotland, UK",Noctilucent Clouds by Alan C Tough,/Users/namai/Documents/Project/CitSci/spaceweather_gallery_images/223351_223351.jpg,https://spaceweathergallery2.com/submissions/pics/a/Alan-C-Tough-NLC_20250603_2359_actough_1749015803_fpthumb.jpg
swg_223347,Yes,,,,Jun 4 3:11am,"near Szubin, Poland",Noctilucent Clouds by Marek Nikodem,/Users/namai/Documents/Project/CitSci/spaceweather_gallery_images/223347_223347.jpg,https://spaceweathergallery2.com/submissions/pics/m/Marek-Nikodem-CDS_6202_1749006548_fpthumb.jpg
swg_223345,Yes,,,,Jun 4 1:24am,"Turku, Finland",Noctilucent Clouds by Mikko Peussa,/Users/namai/Documents/Project/CitSci/spaceweather_gallery_images/223345_223345.jpg,https://spaceweathergallery2.com/submissions/pics/m/Mikko-Peussa-IMG_9439Aspaceweather_1749000264_fpthumb.jpg
swg_223340,Yes,,,,Jun 3 11:29pm,"Glendale, Skye",Noctilucent Clouds by Andy Stables,/Users/namai/Documents/Project/CitSci/spaceweather_gallery_images/223340_223340.jpg,https://spaceweathergallery2.com/submissions/pics/a/Andy-Stables-20250604-4U8A0502_filtered_1748993353_fpthumb.jpg
swg_223338,Yes,,,,Jun 3 10:29pm,"Jelgava, Latvia",Noctilucent Clouds by Juris Seņņikovs,/Users/namai/Documents/Project/CitSci/spaceweather_gallery_images/223338_223338.jpg,https://spaceweathergallery2.com/submissions/pics/j/Juris-Seikovs-DSC_3954-3_1748989756_fpthumb.jpg
swg_223336,Yes,,,,Jun 3 9:49pm,"Holy Island,Northumberland ,Eng",Noctilucent Clouds by Kevan Hubbard,/Users/namai/Documents/Project/CitSci/spaceweather_gallery_images/223336_223336.jpg,https://spaceweathergallery2.com/submissions/pics/k/Kevan-Hubbard-PXL_20250603_2146095582_1748987362_fpthumb.jpg
swg_223335,Yes,,,,Jun 3 9:49pm,"Treviso, Italy",NLC ? by Fabrizio Marchi - Treviso Astronomica,/Users/namai/Documents/Project/CitSci/spaceweather_gallery_images/223335_223335.jpg,https://spaceweathergallery2.com/submissions/pics/f/Fabrizio-Marchi---Treviso-Astronomica-NLC_1748987288_fpthumb.jpg
swg_223296,Yes,,,,Jun 3 10:49am,"West of Lübeck, North Germany",Northernlights + NLC by Michael Theusner,/Users/namai/Documents/Project/CitSci/spaceweather_gallery_images/223296_223296.jpg,https://spaceweathergallery2.com/submissions/pics/m/Michael-Theusner-277A09919-vk_1748947711_fpthumb.jpg
swg_223291,Yes,,,,Jun 3 8:21am,"Deventer, The Netherlands",Noctilucent Clouds At Dawn by Peter Paul Hattinga Verschure,/Users/namai/Documents/Project/CitSci/spaceweather_gallery_images/223291_223291.jpg,https://spaceweathergallery2.com/submissions/pics/p/Peter-Paul-Hattinga-Verschure-20250603-0335lt-2-3002048t_1748938886_fpthumb.jpg
swg_223286,Yes,,,,Jun 3 12:53am,"Milovaig, Glendale, Isle of Sky",Noctilucent Clouds by Andy Stables,/Users/namai/Documents/Project/CitSci/spaceweather_gallery_images/223286_223286.jpg,https://spaceweathergallery2.com/submissions/pics/a/Andy-Stables-20250603-4U8A0498_filtered_1748911995_fpthumb.jpg
swg_223282,Yes,,,,Jun 2 11:31pm,"Steenwijk, The Neatherlands",Noctilucent Clouds by Jacob Kuiper,/Users/namai/Documents/Project/CitSci/spaceweather_gallery_images/223282_223282.jpg,https://spaceweathergallery2.com/submissions/pics/j/Jacob-Kuiper-2506022214z-NLC-Steenwijk-JK-res66c15_1748907028_fpthumb.jpg
swg_223089,Yes,,,,May 28 7:52pm,"Russia, Yaroslavl",Noctilucent Clouds by Michael Zavyalov,/Users/namai/Documents/Project/CitSci/spaceweather_gallery_images/223089_223089.jpg,https://spaceweathergallery2.com/submissions/pics/m/Michael-Zavyalov-IMG_20250528_010907_1748461924_fpthumb.jpg
swg_222932,Yes,,,,May 21 9:31pm,"Roman Bridge,Snowdonia National",Noctilucent Clouds by Kevan Hubbard,/Users/namai/Documents/Project/CitSci/spaceweather_gallery_images/222932_222932.jpg,https://spaceweathergallery2.com/submissions/pics/k/Kevan-Hubbard-PXL_20250521_212144927_1747863025_fpthumb.jpg
swg_221452,Yes,,,,Mar 25 3:24am,"Tyler, Texas",Noctilucent Clouds? by Bert J.,/Users/namai/Documents/Project/CitSci/spaceweather_gallery_images/221452_221452.jpg,https://spaceweathergallery2.com/submissions/pics/b/Bert-J.-20250324_214227_1742873058_fpthumb.jpg
swg_220494,Yes,,,,Feb 24 7:37am,Inari Finland,Noctilucent Clouds by Kei Andoh,/Users/namai/Documents/Project/CitSci/spaceweather_gallery_images/220494_220494.jpg,https://spaceweathergallery2.com/submissions/pics/k/Kei-Andoh-R7252045_1740382627_fpthumb.jpg
swg_220493,Yes,,,,Feb 24 7:27am,Inari Finland,Sort Of Noctilucent Clouds? by Kei Andoh,/Users/namai/Documents/Project/CitSci/spaceweather_gallery_images/220493_220493.jpg,https://spaceweathergallery2.com/submissions/pics/k/Kei-Andoh-IMG_1419_1740382009_fpthumb.jpg
swg_220484,Yes,,,,Feb 23 8:56pm,"Flagstaff, AZ",Rocket Launch And Noctilucent Clouds by David Blanchard,/Users/namai/Documents/Project/CitSci/spaceweather_gallery_images/220484_220484.jpg,https://spaceweathergallery2.com/submissions/pics/d/David-Blanchard-20250222_1922_DBP_1153_1740344183_fpthumb.jpg
swg_220054,Yes,,,,Feb 5 1:36pm,Browns Summit NC,Rocket Plume And Noctilucent Clouds by Tim Martin,/Users/namai/Documents/Project/CitSci/spaceweather_gallery_images/220054_220054.jpg,https://spaceweathergallery2.com/submissions/pics/t/Tim-Martin-DSC_9702-Enhanced-NR_1738762589_fpthumb.jpg
swg_220045,Yes,,,,Feb 5 2:53am,Browns Summit NC,Rocket Plume And Noctilucent Clouds by Tim Martin,/Users/namai/Documents/Project/CitSci/spaceweather_gallery_images/220045_220045.jpg,https://spaceweathergallery2.com/submissions/pics/t/Tim-Martin-DSC_9702-Enhanced-NR_1738723982_fpthumb.jpg
swg_220044,Yes,,,,Feb 5 1:51am,Browns Summit NC,Rocket Plume And Noctilucent Clouds by Tim Martin,/Users/namai/Documents/Project/CitSci/spaceweather_gallery_images/220044_220044.jpg,https://spaceweathergallery2.com/submissions/pics/t/Tim-Martin-DSC_9702-Enhanced-NR_1738720273_fpthumb.jpg
swg_220043,Yes,,,,Feb 5 1:50am,Browns Summit NC,Rocket Plume And Noctilucent Clouds by Tim Martin,/Users/namai/Documents/Project/CitSci/spaceweather_gallery_images/220043_220043.jpg,https://spaceweathergallery2.com/submissions/pics/t/Tim-Martin-DSC_9702-Enhanced-NR_1738720201_fpthumb.jpg
swg_218433,Yes,,,,Dec 15 9:29pm,"Albuquerque, NM, USA",Noctilucent Clouds by Richard K. Mitchell,/Users/namai/Documents/Project/CitSci/spaceweather_gallery_images/218433_Richard-K_-Mitchell-IMG_20241213_173035200_AE_1734298092.jpg,https://spaceweathergallery2.com/submissions/pics/r/Richard-K.-Mitchell-IMG_20241213_173035200_AE_1734298092_fpthumb.jpg
swg_218428,Yes,,,,Dec 15 8:35pm,"Santa Fe, NM",Noctilucent Clouds by Dave Suszcynsky,/Users/namai/Documents/Project/CitSci/spaceweather_gallery_images/218428_218428.jpg,https://spaceweathergallery2.com/submissions/pics/d/Dave-Suszcynsky-IMG_3751_1734294880_fpthumb.jpg
swg_217924,Yes,,,,Nov 19 4:00am,"Van Horn, TX, USA",NLCs? Im Texas?? by Anthony,/Users/namai/Documents/Project/CitSci/spaceweather_gallery_images/217924_217924.jpg,https://spaceweathergallery2.com/submissions/pics/a/Anthony-PXL_20241118_124222869_1731988818_fpthumb.jpg
swg_217705,Yes,,,,Nov 9 2:29pm,"Irvine, California, USA",Noctilucent Clouds Over Southern Californ by Robert Strickland,/Users/namai/Documents/Project/CitSci/spaceweather_gallery_images/217705_Robert-Strickland-IMG_8252_1731162536.jpg,https://spaceweathergallery2.com/submissions/pics/r/Robert-Strickland-IMG_8252_1731162536_fpthumb.jpg
swg_216843,Yes,,,,Oct 19 11:21am,Ashokan Reservoir New York,Noctilucent Clouds by James Perez-Rogers,/Users/namai/Documents/Project/CitSci/spaceweather_gallery_images/216843_216843.jpg,https://spaceweathergallery2.com/submissions/pics/j/James-Perez-Rogers-NoctilucentCloudsNY-1-of-1_1729336869_fpthumb.jpg
